disease,precision,recall,f1-score,support
abdominal aortic aneurysm,0.9333333333333333,1.0,0.9655172413793104,28
abdominal hernia,0.9642857142857143,1.0,0.9818181818181818,81
abscess of nose,0.746268656716418,0.8620689655172413,0.8,58
abscess of the lung,0.8,1.0,0.8888888888888888,4
abscess of the pharynx,0.8840579710144928,0.8970588235294118,0.8905109489051095,68
acanthosis nigricans,0.75,1.0,0.8571428571428571,6
acariasis,0.8571428571428571,0.8571428571428571,0.8571428571428571,7
achalasia,0.6818181818181818,0.8823529411764706,0.7692307692307693,17
acne,0.6666666666666666,0.8888888888888888,0.7619047619047619,99
actinic keratosis,0.9448275862068966,0.7527472527472527,0.8379204892966361,182
acute bronchiolitis,0.9907834101382489,0.8921161825726142,0.9388646288209607,241
acute bronchitis,0.8295964125560538,0.7613168724279835,0.7939914163090128,243
acute bronchospasm,0.7425149700598802,0.6850828729281768,0.7126436781609196,181
acute fatty liver of pregnancy (aflp),0.6666666666666666,1.0,0.8,2
acute glaucoma,0.6,0.2857142857142857,0.3870967741935484,42
acute kidney injury,0.9776536312849162,0.9615384615384616,0.9695290858725761,182
acute otitis media,0.710691823899371,0.8248175182481752,0.7635135135135135,137
acute pancreatitis,0.9903846153846154,0.8547717842323651,0.9175946547884187,241
acute respiratory distress syndrome (ards),0.8404255319148937,0.8777777777777778,0.8586956521739131,90
acute sinusitis,0.8729281767955801,0.8729281767955801,0.8729281767955801,181
acute stress reaction,0.9567901234567902,0.8516483516483516,0.9011627906976745,182
adhesive capsulitis of the shoulder,1.0,0.8666666666666667,0.9285714285714286,15
adjustment reaction,0.6884057971014492,0.9405940594059405,0.7949790794979079,101
adrenal adenoma,0.875,1.0,0.9333333333333333,7
adrenal cancer,0.0,0.0,0.0,1
alcohol abuse,0.8878504672897196,0.9313725490196079,0.9090909090909091,102
alcohol intoxication,0.9459459459459459,1.0,0.9722222222222222,70
alcohol withdrawal,0.9538461538461539,0.9323308270676691,0.9429657794676806,133
alcoholic liver disease,0.96,0.9795918367346939,0.9696969696969697,49
allergy,0.9617486338797814,0.9723756906077348,0.967032967032967,181
allergy to animals,1.0,0.875,0.9333333333333333,8
alopecia,0.7252747252747253,0.9705882352941176,0.8301886792452831,68
alzheimer disease,0.9836065573770492,0.8955223880597015,0.9375,67
amblyopia,1.0,0.8888888888888888,0.9411764705882353,9
amyloidosis,1.0,1.0,1.0,1
amyotrophic lateral sclerosis (als),1.0,1.0,1.0,12
anal fissure,0.9069767441860465,0.8666666666666667,0.8863636363636364,45
anal fistula,0.75,0.75,0.75,4
anemia,0.9701492537313433,0.9848484848484849,0.9774436090225563,66
anemia due to chronic kidney disease,0.9,0.9,0.9,10
anemia due to malignancy,1.0,1.0,1.0,2
anemia of chronic disease,0.7,0.875,0.7777777777777778,8
angina,0.9941520467836257,0.9392265193370166,0.9659090909090909,181
ankylosing spondylitis,0.8615384615384616,0.9256198347107438,0.8924302788844621,121
anxiety,0.9615384615384616,0.9375,0.9493670886075949,240
aortic valve disease,0.9166666666666666,0.9777777777777777,0.946236559139785,90
aphakia,1.0,0.5,0.6666666666666666,2
aphthous ulcer,0.7454545454545455,0.8367346938775511,0.7884615384615384,49
aplastic anemia,1.0,0.9285714285714286,0.9629629629629629,14
appendicitis,0.875,0.8895027624309392,0.8821917808219178,181
arrhythmia,0.8305084745762712,0.9423076923076923,0.8828828828828829,52
arthritis of the hip,0.9955947136563876,0.9338842975206612,0.9637526652452025,242
ascending cholangitis,0.8666666666666667,0.9285714285714286,0.896551724137931,14
asperger syndrome,0.7710843373493976,0.9411764705882353,0.847682119205298,68
aspergillosis,1.0,1.0,1.0,2
asthma,0.8287292817679558,0.8287292817679558,0.8287292817679558,181
astigmatism,0.5321100917431193,0.90625,0.6705202312138728,64
atelectasis,1.0,0.65,0.7878787878787878,20
athlete's foot,0.5590551181102362,0.9342105263157895,0.6995073891625616,76
atonic bladder,0.7222222222222222,0.9285714285714286,0.8125,14
atrial fibrillation,1.0,0.14285714285714285,0.25,14
atrial flutter,0.8958333333333334,0.8958333333333334,0.8958333333333334,48
atrophic skin condition,0.7282608695652174,0.7613636363636364,0.7444444444444445,88
atrophic vaginitis,0.7866666666666666,0.8939393939393939,0.8368794326241135,66
atrophy of the corpus cavernosum,0.9,1.0,0.9473684210526315,9
attention deficit hyperactivity disorder (adhd),0.7927927927927928,0.8712871287128713,0.8301886792452831,101
autism,0.9555555555555556,0.9555555555555556,0.9555555555555556,90
autonomic nervous system disorder,0.9444444444444444,1.0,0.9714285714285714,17
avascular necrosis,1.0,1.0,1.0,2
balanitis,0.9578947368421052,1.0,0.978494623655914,91
bell palsy,0.9621212121212122,0.927007299270073,0.9442379182156134,137
benign kidney cyst,0.925,0.9024390243902439,0.9135802469135802,41
benign paroxysmal positional vertical (bppv),0.9166666666666666,0.9887640449438202,0.9513513513513514,89
benign prostatic hyperplasia (bph),0.9828326180257511,0.950207468879668,0.9662447257383966,241
benign vaginal discharge (leukorrhea),0.8888888888888888,0.9411764705882353,0.9142857142857143,136
bipolar disorder,0.621301775147929,0.7894736842105263,0.695364238410596,133
birth trauma,1.0,1.0,1.0,2
bladder cancer,0.9615384615384616,1.0,0.9803921568627451,25
bladder disorder,0.48823529411764705,0.9120879120879121,0.6360153256704981,91
bladder obstruction,0.8571428571428571,0.9705882352941176,0.9103448275862069,68
blepharitis,0.7989130434782609,0.8121546961325967,0.8054794520547945,181
blepharospasm,0.0,0.0,0.0,1
bone cancer,0.7727272727272727,1.0,0.8717948717948718,17
bone disorder,0.9622641509433962,1.0,0.9807692307692307,51
bone spur of the calcaneous,1.0,1.0,1.0,6
brachial neuritis,0.9257142857142857,0.8950276243093923,0.9101123595505618,181
brain cancer,0.9777777777777777,0.9777777777777777,0.9777777777777777,45
breast cancer,0.0,0.0,0.0,1
breast cyst,1.0,1.0,1.0,4
breast infection (mastitis),1.0,1.0,1.0,100
broken tooth,0.9393939393939394,0.9393939393939394,0.9393939393939394,33
bunion,0.8571428571428571,0.75,0.8,8
burn,0.7857142857142857,1.0,0.88,11
bursitis,0.9872340425531915,0.9586776859504132,0.9727463312368972,242
callus,0.8791208791208791,0.7766990291262136,0.8247422680412371,103
carbon monoxide poisoning,0.9230769230769231,0.6666666666666666,0.7741935483870968,18
cardiac arrest,0.9305555555555556,0.9710144927536232,0.950354609929078,69
cardiomyopathy,0.8507462686567164,0.9193548387096774,0.8837209302325582,62
carpal tunnel syndrome,0.9881656804733728,0.9329608938547486,0.9597701149425287,179
cat scratch disease,0.0,0.0,0.0,1
cataract,0.8148148148148148,0.7272727272727273,0.7685589519650655,121
celiac disease,0.7368421052631579,0.9333333333333333,0.8235294117647058,30
cellulitis or abscess of mouth,1.0,0.9642857142857143,0.9818181818181818,28
central atherosclerosis,0.6666666666666666,1.0,0.8,4
central retinal artery or vein occlusion,0.9,0.6428571428571429,0.75,14
cerebral edema,0.9090909090909091,0.9523809523809523,0.9302325581395349,21
cerebral palsy,1.0,0.9642857142857143,0.9818181818181818,28
cervical cancer,0.9473684210526315,0.9473684210526315,0.9473684210526315,19
cervical disorder,0.75,0.6666666666666666,0.7058823529411765,9
cervicitis,0.8089887640449438,0.935064935064935,0.8674698795180723,77
chalazion,0.9285714285714286,0.9558823529411765,0.9420289855072463,136
chickenpox,0.9047619047619048,0.9047619047619048,0.9047619047619048,21
chlamydia,0.6595744680851063,0.9393939393939394,0.775,33
cholecystitis,0.8867924528301887,0.7800829875518672,0.8300220750551877,241
choledocholithiasis,0.9176470588235294,0.8863636363636364,0.9017341040462428,88
cholesteatoma,0.8571428571428571,1.0,0.9230769230769231,6
chondromalacia of the patella,0.6428571428571429,0.8181818181818182,0.72,11
chorioretinitis,1.0,0.7333333333333333,0.8461538461538461,15
chronic back pain,0.9822485207100592,0.9222222222222223,0.9512893982808023,180
chronic constipation,0.9664429530201343,0.7868852459016393,0.8674698795180723,183
chronic glaucoma,0.8032786885245902,0.7313432835820896,0.765625,134
chronic inflammatory demyelinating polyneuropathy (cidp),1.0,1.0,1.0,4
chronic kidney disease,1.0,0.5,0.6666666666666666,2
chronic knee pain,0.9230769230769231,0.8,0.8571428571428571,30
chronic obstructive pulmonary disease (copd),0.6325581395348837,0.7513812154696132,0.6868686868686869,181
chronic otitis media,0.8740740740740741,0.8805970149253731,0.8773234200743495,134
chronic pain disorder,0.8266666666666667,0.9185185185185185,0.8701754385964913,135
chronic pancreatitis,0.9830508474576272,0.9830508474576272,0.9830508474576272,59
chronic rheumatic fever,0.8378378378378378,0.9117647058823529,0.8732394366197183,34
chronic sinusitis,0.8263888888888888,0.9083969465648855,0.8654545454545455,131
cirrhosis,0.9552238805970149,0.9696969696969697,0.9624060150375939,66
coagulation (bleeding) disorder,0.9473684210526315,1.0,0.972972972972973,18
cold sore,0.9743589743589743,1.0,0.987012987012987,38
colonic polyp,0.8918918918918919,0.9705882352941176,0.9295774647887324,68
colorectal cancer,0.0,0.0,0.0,3
common cold,0.9060773480662984,0.9060773480662984,0.9060773480662984,181
complex regional pain syndrome,0.9369369369369369,0.8559670781893004,0.8946236559139785,243
concussion,0.9956896551724138,0.9705882352941176,0.9829787234042553,238
conduct disorder,0.9044117647058824,0.9044117647058824,0.9044117647058824,136
conductive hearing loss,0.9137931034482759,0.8833333333333333,0.8983050847457628,120
congenital heart defect,1.0,0.8571428571428571,0.9230769230769231,7
congenital malformation syndrome,1.0,1.0,1.0,3
conjunctivitis,0.9235294117647059,0.8626373626373627,0.8920454545454546,182
conjunctivitis due to allergy,0.9601769911504425,0.8930041152263375,0.9253731343283582,243
conjunctivitis due to bacteria,0.6041666666666666,0.9354838709677419,0.7341772151898734,31
conjunctivitis due to virus,0.7333333333333333,0.8088235294117647,0.7692307692307693,136
connective tissue disorder,0.0,0.0,0.0,1
contact dermatitis,0.8222222222222222,0.8131868131868132,0.8176795580110497,182
conversion disorder,1.0,0.75,0.8571428571428571,4
cornea infection,0.9194630872483222,0.7569060773480663,0.8303030303030303,181
corneal abrasion,0.6016949152542372,0.71,0.6513761467889908,100
corneal disorder,0.6694214876033058,0.6,0.6328125,135
coronary atherosclerosis,0.9444444444444444,0.7727272727272727,0.85,22
cranial nerve palsy,0.9577464788732394,1.0,0.9784172661870504,68
crohn disease,0.8266666666666667,0.8266666666666667,0.8266666666666667,75
croup,0.88,0.850828729281768,0.8651685393258427,181
crushing injury,1.0,0.9230769230769231,0.96,13
cryptococcosis,1.0,1.0,1.0,2
cryptorchidism,1.0,1.0,1.0,1
cushing syndrome,1.0,0.5,0.6666666666666666,2
cyst of the eyelid,1.0,1.0,1.0,4
cystic fibrosis,0.75,1.0,0.8571428571428571,3
cysticercosis,0.7777777777777778,1.0,0.875,7
cystitis,0.9491525423728814,0.6885245901639344,0.7980997624703088,244
de quervain disease,0.9411764705882353,0.8888888888888888,0.9142857142857143,18
decubitus ulcer,1.0,1.0,1.0,2
deep vein thrombosis (dvt),0.9591836734693877,0.9791666666666666,0.9690721649484536,48
degenerative disc disease,0.6415094339622641,0.7472527472527473,0.6903553299492385,182
delirium,0.907563025210084,0.9,0.9037656903765691,120
dementia,0.8591549295774648,0.8970588235294118,0.8776978417266187,68
dental caries,0.9719626168224299,0.8776371308016878,0.9223946784922394,237
depression,0.95,0.6263736263736264,0.7549668874172185,182
dermatitis due to sun exposure,0.9146341463414634,0.8426966292134831,0.8771929824561403,89
developmental disability,0.9823529411764705,0.9175824175824175,0.9488636363636364,182
deviated nasal septum,0.9508196721311475,0.9586776859504132,0.9547325102880658,121
diabetes insipidus,0.0,0.0,0.0,2
diabetic ketoacidosis,0.8918918918918919,0.9777777777777777,0.9328621908127208,135
diabetic peripheral neuropathy,1.0,0.9777777777777777,0.9887640449438202,90
diabetic retinopathy,0.5403225806451613,0.7362637362637363,0.6232558139534884,91
diaper rash,0.9942857142857143,0.9720670391061452,0.9830508474576272,179
dislocation of the ankle,1.0,1.0,1.0,4
dislocation of the elbow,0.8421052631578947,0.9411764705882353,0.8888888888888888,17
dislocation of the finger,0.8,1.0,0.8888888888888888,4
dislocation of the foot,1.0,0.75,0.8571428571428571,4
dislocation of the hip,1.0,1.0,1.0,1
dislocation of the knee,0.0,0.0,0.0,1
dislocation of the shoulder,0.8666666666666667,1.0,0.9285714285714286,13
dislocation of the vertebra,0.5333333333333333,1.0,0.6956521739130435,8
dislocation of the wrist,0.9,1.0,0.9473684210526315,9
dissociative disorder,0.8571428571428571,1.0,0.9230769230769231,18
diverticulitis,0.9054054054054054,0.8271604938271605,0.864516129032258,243
diverticulosis,0.810126582278481,0.9481481481481482,0.8737201365187713,135
down syndrome,0.8620689655172413,1.0,0.9259259259259259,25
drug abuse,0.9401709401709402,0.9090909090909091,0.9243697478991597,121
drug abuse (barbiturates),0.8888888888888888,0.6666666666666666,0.7619047619047619,12
drug abuse (cocaine),0.676056338028169,0.8571428571428571,0.7559055118110236,56
drug abuse (methamphetamine),0.8970588235294118,0.9242424242424242,0.9104477611940298,66
drug abuse (opioids),0.8627450980392157,0.7272727272727273,0.7892376681614349,121
drug poisoning due to medication,1.0,0.9523809523809523,0.975609756097561,42
drug reaction,0.994475138121547,0.989010989010989,0.9917355371900827,182
drug withdrawal,0.94,0.9215686274509803,0.9306930693069307,51
dry eye of unknown cause,0.9743589743589743,0.4418604651162791,0.608,172
dumping syndrome,0.0,0.0,0.0,1
dyshidrosis,0.7391304347826086,1.0,0.85,17
dysthymic disorder,0.8545454545454545,0.94,0.8952380952380953,100
ear drum damage,0.9585798816568047,0.8950276243093923,0.9257142857142857,181
ear wax impaction,0.7777777777777778,0.9264705882352942,0.8456375838926175,136
eating disorder,0.9705882352941176,1.0,0.9850746268656716,99
ectopic pregnancy,0.6881720430107527,0.9411764705882353,0.7950310559006211,68
ectropion,0.4666666666666667,0.875,0.6086956521739131,8
eczema,0.9289617486338798,0.7053941908713693,0.8018867924528302,241
edward syndrome,1.0,1.0,1.0,1
emphysema,0.5,0.8333333333333334,0.625,6
empyema,0.0,0.0,0.0,1
encephalitis,0.8947368421052632,0.8947368421052632,0.8947368421052632,19
endocarditis,0.4482758620689655,0.7647058823529411,0.5652173913043478,17
endometrial cancer,0.9,1.0,0.9473684210526315,18
endometrial hyperplasia,1.0,1.0,1.0,10
endometriosis,0.9259259259259259,0.9868421052631579,0.9554140127388535,76
endophthalmitis,1.0,0.8333333333333334,0.9090909090909091,12
envenomation from spider or animal bite,0.967032967032967,0.967032967032967,0.967032967032967,91
ependymoma,1.0,1.0,1.0,4
epididymitis,0.918918918918919,1.0,0.9577464788732394,102
epidural hemorrhage,0.4,1.0,0.5714285714285714,2
epilepsy,1.0,0.8666666666666667,0.9285714285714286,15
erectile dysfunction,0.9385964912280702,0.8842975206611571,0.9106382978723404,121
erythema multiforme,0.8888888888888888,0.8888888888888888,0.8888888888888888,9
esophageal cancer,0.8333333333333334,1.0,0.9090909090909091,15
esophageal varices,0.0,0.0,0.0,0
esophagitis,0.9868421052631579,0.9259259259259259,0.9554140127388535,243
essential tremor,0.95,0.9743589743589743,0.9620253164556962,39
eustachian tube dysfunction (ear disorder),0.9438202247191011,0.9230769230769231,0.9333333333333333,182
extrapyramidal effect of drugs,0.9444444444444444,1.0,0.9714285714285714,17
eye alignment disorder,1.0,0.967032967032967,0.9832402234636871,91
factitious disorder,1.0,1.0,1.0,3
female genitalia infection,0.926829268292683,0.9743589743589743,0.95,39
female infertility of unknown cause,1.0,1.0,1.0,6
fetal alcohol syndrome,1.0,1.0,1.0,1
fibroadenoma,0.95,1.0,0.9743589743589743,19
fibrocystic breast disease,1.0,1.0,1.0,3
fibromyalgia,0.7088607594936709,0.8549618320610687,0.7750865051903114,131
flat feet,1.0,0.8571428571428571,0.9230769230769231,7
floaters,0.14285714285714285,0.2,0.16666666666666666,5
flu,0.8787878787878788,0.8529411764705882,0.8656716417910447,136
fluid overload,0.7375,0.9076923076923077,0.8137931034482758,65
folate deficiency,0.8181818181818182,1.0,0.9,9
food allergy,0.9270833333333334,0.978021978021978,0.9518716577540107,91
foreign body in the ear,0.8333333333333334,1.0,0.9090909090909091,5
foreign body in the eye,0.5675675675675675,0.75,0.6461538461538462,56
foreign body in the gastrointestinal tract,1.0,0.96,0.9795918367346939,25
foreign body in the throat,0.8571428571428571,0.967741935483871,0.9090909090909091,31
foreign body in the vagina,1.0,0.75,0.8571428571428571,4
fracture of the ankle,0.8571428571428571,0.8571428571428571,0.8571428571428571,7
fracture of the arm,0.8666666666666667,0.896551724137931,0.8813559322033898,87
fracture of the facial bones,1.0,0.9666666666666667,0.9830508474576272,90
fracture of the finger,0.5,1.0,0.6666666666666666,2
fracture of the foot,0.6,1.0,0.75,3
fracture of the hand,0.85,0.7727272727272727,0.8095238095238095,22
fracture of the jaw,1.0,0.9333333333333333,0.9655172413793104,15
fracture of the leg,0.9264705882352942,0.9264705882352942,0.9264705882352942,136
fracture of the neck,0.4,0.75,0.5217391304347826,8
fracture of the patella,1.0,1.0,1.0,16
fracture of the pelvis,0.7142857142857143,0.9459459459459459,0.813953488372093,37
fracture of the rib,0.9775280898876404,0.9886363636363636,0.9830508474576272,176
fracture of the shoulder,1.0,0.84375,0.9152542372881356,32
fracture of the skull,0.7857142857142857,0.8461538461538461,0.8148148148148148,13
fracture of the vertebra,1.0,0.9814814814814815,0.9906542056074766,54
friedrich ataxia,1.0,1.0,1.0,1
frostbite,1.0,1.0,1.0,2
fungal infection of the hair,0.9326424870466321,0.743801652892562,0.8275862068965517,242
fungal infection of the skin,0.7086092715231788,0.781021897810219,0.7430555555555556,137
g6pd enzyme deficiency,0.5,1.0,0.6666666666666666,1
galactorrhea of unknown cause,1.0,1.0,1.0,2
gallstone,0.7069767441860465,0.8397790055248618,0.7676767676767676,181
ganglion cyst,0.9854014598540146,1.0,0.9926470588235294,135
gastritis,0.8053691275167785,0.8823529411764706,0.8421052631578947,136
gastroduodenal ulcer,0.9044117647058824,0.8978102189781022,0.9010989010989011,137
gastroesophageal reflux disease (gerd),0.8817204301075269,0.9111111111111111,0.8961748633879781,90
gastrointestinal hemorrhage,0.9646017699115044,0.897119341563786,0.929637526652452,243
gastroparesis,0.45901639344262296,0.7777777777777778,0.5773195876288659,36
genital herpes,0.9795918367346939,1.0,0.9896907216494846,48
gestational diabetes,1.0,0.8,0.8888888888888888,5
glaucoma,0.6694214876033058,0.81,0.7330316742081447,100
glucocorticoid deficiency,1.0,0.6666666666666666,0.8,3
goiter,0.8333333333333334,1.0,0.9090909090909091,15
gonorrhea,0.96,0.9230769230769231,0.9411764705882353,26
gout,0.9954954954954955,0.9132231404958677,0.9525862068965517,242
granuloma inguinale,0.4,1.0,0.5714285714285714,2
graves disease,0.9791666666666666,0.94,0.9591836734693877,50
guillain barre syndrome,1.0,1.0,1.0,11
gum disease,0.9133333333333333,0.7653631284916201,0.8328267477203647,179
gynecomastia,1.0,1.0,1.0,17
hammer toe,0.4,1.0,0.5714285714285714,2
head and neck cancer,0.9696969696969697,0.9846153846153847,0.9770992366412213,65
head injury,0.9142857142857143,0.9696969696969697,0.9411764705882353,33
headache after lumbar puncture,0.8157894736842105,0.9117647058823529,0.8611111111111112,34
heart attack,0.9772727272727273,0.9502762430939227,0.9635854341736695,181
heart block,0.8717948717948718,0.8429752066115702,0.8571428571428571,121
heart contusion,0.3333333333333333,1.0,0.5,2
heart failure,0.96045197740113,0.9392265193370166,0.9497206703910615,181
heat exhaustion,0.7666666666666667,0.8679245283018868,0.8141592920353983,53
hemangioma,0.8642857142857143,0.8962962962962963,0.88,135
hemarthrosis,1.0,1.0,1.0,2
hematoma,0.9230769230769231,1.0,0.96,12
hemiplegia,0.941747572815534,0.9603960396039604,0.9509803921568627,101
hemochromatosis,0.0,0.0,0.0,1
hemolytic anemia,1.0,0.8,0.8888888888888888,5
hemophilia,0.8,1.0,0.8888888888888888,4
hemorrhoids,0.8901098901098901,0.8901098901098901,0.8901098901098901,182
hepatic encephalopathy,0.9,1.0,0.9473684210526315,9
hepatitis due to a toxin,1.0,0.971830985915493,0.9857142857142858,71
herniated disk,0.6363636363636364,0.8461538461538461,0.7264150943396226,182
herpangina,0.9876543209876543,0.8888888888888888,0.935672514619883,90
hiatal hernia,0.9695121951219512,0.8784530386740331,0.9217391304347826,181
hidradenitis suppurativa,0.9629629629629629,0.9285714285714286,0.9454545454545454,28
hirschsprung disease,1.0,0.5,0.6666666666666666,4
hirsutism,0.75,1.0,0.8571428571428571,6
histoplasmosis,0.5,1.0,0.6666666666666666,1
hormone disorder,1.0,1.0,1.0,11
hpv,1.0,1.0,1.0,3
hydatidiform mole,1.0,0.9166666666666666,0.9565217391304348,12
hydrocele of the testicle,0.8913043478260869,0.9111111111111111,0.9010989010989011,45
hydrocephalus,0.8571428571428571,0.7741935483870968,0.8135593220338984,31
hydronephrosis,0.8307692307692308,0.7941176470588235,0.8120300751879699,68
hypercalcemia,1.0,1.0,1.0,2
hypercholesterolemia,0.0,0.0,0.0,2
hyperemesis gravidarum,0.9453551912568307,0.9505494505494505,0.947945205479452,182
hyperhidrosis,1.0,0.8,0.8888888888888888,5
hyperkalemia,0.9541984732824428,0.9541984732824428,0.9541984732824428,131
hypernatremia,0.7,0.9333333333333333,0.8,15
hyperopia,0.9,0.8181818181818182,0.8571428571428571,22
hyperosmotic hyperketotic state,0.5,1.0,0.6666666666666666,1
hypertension of pregnancy,1.0,1.0,1.0,11
hypertensive heart disease,0.9886363636363636,0.9666666666666667,0.9775280898876404,180
hypertrophic obstructive cardiomyopathy (hocm),1.0,1.0,1.0,1
hypocalcemia,1.0,0.8888888888888888,0.9411764705882353,9
hypoglycemia,0.9912663755458515,0.934156378600823,0.961864406779661,243
hypokalemia,0.9512195121951219,0.8125,0.8764044943820225,96
hyponatremia,0.883495145631068,0.9191919191919192,0.900990099009901,99
hypothermia,1.0,0.6666666666666666,0.8,3
hypothyroidism,1.0,1.0,1.0,15
hypovolemia,0.9418604651162791,0.9529411764705882,0.9473684210526315,85
idiopathic absence of menstruation,0.9587628865979382,0.9393939393939394,0.9489795918367347,99
idiopathic excessive menstruation,0.8306010928961749,0.8397790055248618,0.8351648351648352,181
idiopathic infrequent menstruation,0.6428571428571429,0.9,0.75,10
idiopathic irregular menstrual cycle,0.8735632183908046,0.8351648351648352,0.8539325842696629,182
idiopathic nonmenstrual bleeding,0.8695652173913043,1.0,0.9302325581395349,20
idiopathic painful menstruation,0.8820224719101124,0.8674033149171271,0.8746518105849582,181
ileus,0.7741935483870968,0.8,0.7868852459016393,90
impetigo,1.0,0.9197080291970803,0.9581749049429658,137
impulse control disorder,0.5934065934065934,0.8059701492537313,0.6835443037974683,67
indigestion,0.8823529411764706,0.8426966292134831,0.8620689655172413,89
induced abortion,0.9454545454545454,0.9122807017543859,0.9285714285714286,57
infection of open wound,1.0,0.8571428571428571,0.9230769230769231,7
infectious gastroenteritis,0.7665198237885462,0.71900826446281,0.7420042643923241,242
ingrown toe nail,0.9747899159663865,0.9586776859504132,0.9666666666666667,121
inguinal hernia,1.0,0.9125,0.954248366013072,80
injury of the ankle,0.9428571428571428,0.9166666666666666,0.9295774647887324,36
injury to internal organ,0.8333333333333334,0.9615384615384616,0.8928571428571429,26
injury to the abdomen,0.8125,1.0,0.896551724137931,13
injury to the arm,0.9864253393665159,0.9008264462809917,0.9416846652267818,242
injury to the face,0.967741935483871,0.989010989010989,0.9782608695652174,91
injury to the finger,1.0,1.0,1.0,1
injury to the hand,0.696969696969697,0.92,0.7931034482758621,25
injury to the hip,0.25,0.3333333333333333,0.2857142857142857,3
injury to the knee,0.6666666666666666,0.7272727272727273,0.6956521739130435,11
injury to the leg,0.9707112970711297,0.9626556016597511,0.9666666666666667,241
injury to the shoulder,0.8981481481481481,0.9509803921568627,0.9238095238095239,102
injury to the spinal cord,0.8571428571428571,1.0,0.9230769230769231,6
injury to the trunk,0.9832402234636871,0.9723756906077348,0.9777777777777777,181
insect bite,0.9064748201438849,0.9402985074626866,0.9230769230769231,134
insulin overdose,0.6666666666666666,1.0,0.8,2
interstitial lung disease,0.7559055118110236,0.9411764705882353,0.8384279475982532,102
intertrigo (skin condition),0.43243243243243246,0.7619047619047619,0.5517241379310345,21
intestinal cancer,1.0,1.0,1.0,10
intestinal disease,0.7157894736842105,0.8831168831168831,0.7906976744186046,77
intestinal malabsorption,0.9375,0.9375,0.9375,32
intestinal obstruction,0.9090909090909091,0.898876404494382,0.903954802259887,89
intracerebral hemorrhage,0.8976377952755905,0.9421487603305785,0.9193548387096774,121
intracranial abscess,0.5,1.0,0.6666666666666666,2
intracranial hemorrhage,0.7763157894736842,0.921875,0.8428571428571429,64
intussusception,1.0,1.0,1.0,1
iridocyclitis,0.7798165137614679,0.8585858585858586,0.8173076923076923,99
iron deficiency anemia,0.9855072463768116,0.9927007299270073,0.9890909090909091,137
irritable bowel syndrome,0.9595959595959596,0.9313725490196079,0.945273631840796,102
ischemia of the bowel,0.6086956521739131,0.9824561403508771,0.7516778523489933,57
ischemic heart disease,0.9880239520958084,0.9322033898305084,0.9593023255813954,177
itching of unknown cause,1.0,0.9306930693069307,0.9641025641025641,101
jaw disorder,0.9565217391304348,0.9850746268656716,0.9705882352941176,67
joint effusion,0.9354838709677419,0.9666666666666667,0.9508196721311475,90
juvenile rheumatoid arthritis,0.8333333333333334,0.7142857142857143,0.7692307692307693,7
kidney cancer,0.7894736842105263,0.9375,0.8571428571428571,16
kidney disease due to longstanding hypertension,1.0,1.0,1.0,3
kidney failure,1.0,0.9464285714285714,0.9724770642201835,56
kidney stone,0.7183908045977011,0.6906077348066298,0.704225352112676,181
knee ligament or meniscus tear,1.0,0.9047619047619048,0.95,21
labyrinthitis,0.9485294117647058,0.9847328244274809,0.9662921348314607,131
lactose intolerance,0.9642857142857143,1.0,0.9818181818181818,27
laryngitis,0.9763779527559056,0.9117647058823529,0.9429657794676806,136
lateral epicondylitis (tennis elbow),0.8115942028985508,0.835820895522388,0.8235294117647058,67
leukemia,1.0,1.0,1.0,2
lewy body dementia,0.5,0.9375,0.6521739130434783,16
lice,1.0,1.0,1.0,13
lichen planus,1.0,1.0,1.0,2
lichen simplex,1.0,0.8333333333333334,0.9090909090909091,12
lipoma,0.9424460431654677,0.9562043795620438,0.9492753623188406,137
liver cancer,0.7,0.7,0.7,10
liver disease,0.9956331877729258,0.9421487603305785,0.9681528662420382,242
lumbago,0.9642857142857143,0.8709677419354839,0.9152542372881356,31
lung cancer,1.0,0.8,0.8888888888888888,10
lung contusion,1.0,1.0,1.0,3
lyme disease,0.9767441860465116,1.0,0.9882352941176471,42
lymphadenitis,0.9072164948453608,0.967032967032967,0.9361702127659575,91
lymphedema,0.97,0.9603960396039604,0.9651741293532339,101
lymphogranuloma venereum,1.0,0.5,0.6666666666666666,4
lymphoma,1.0,0.9629629629629629,0.9811320754716981,27
macular degeneration,0.9914529914529915,0.6373626373626373,0.7759197324414716,182
magnesium deficiency,0.46153846153846156,0.8571428571428571,0.6,7
malaria,1.0,1.0,1.0,3
male genitalia infection,1.0,0.9642857142857143,0.9818181818181818,28
malignant hypertension,0.918918918918919,0.9444444444444444,0.9315068493150684,36
marijuana abuse,0.8972972972972973,0.6859504132231405,0.7775175644028103,242
mastectomy,1.0,1.0,1.0,3
mastoiditis,0.6923076923076923,0.9310344827586207,0.7941176470588235,29
meckel diverticulum,1.0,1.0,1.0,1
melanoma,1.0,0.9074074074074074,0.9514563106796117,54
meniere disease,0.8095238095238095,0.9107142857142857,0.8571428571428571,56
meningioma,0.5,0.75,0.6,4
meningitis,0.7671232876712328,0.9491525423728814,0.8484848484848485,59
menopause,0.9375,1.0,0.967741935483871,15
metabolic disorder,0.875,1.0,0.9333333333333333,7
metastatic cancer,1.0,1.0,1.0,5
migraine,0.9772727272727273,0.9772727272727273,0.9772727272727273,44
missed abortion,0.8873239436619719,0.84,0.863013698630137,75
mitral valve disease,0.9134615384615384,0.9405940594059405,0.926829268292683,101
mittelschmerz,0.5789473684210527,1.0,0.7333333333333333,11
molluscum contagiosum,0.7226890756302521,0.8431372549019608,0.7782805429864253,102
mononeuritis,0.863013698630137,0.9333333333333333,0.896797153024911,135
mononucleosis,0.9491525423728814,0.8484848484848485,0.896,66
moyamoya disease,0.2857142857142857,1.0,0.4444444444444444,2
mucositis,0.9137931034482759,0.9137931034482759,0.9137931034482759,58
multiple myeloma,1.0,1.0,1.0,10
multiple sclerosis,0.9257142857142857,0.8901098901098901,0.907563025210084,182
mumps,0.9,1.0,0.9473684210526315,9
muscle spasm,0.7950310559006211,0.9411764705882353,0.8619528619528619,136
muscular dystrophy,1.0,1.0,1.0,9
myasthenia gravis,0.9310344827586207,1.0,0.9642857142857143,27
myelodysplastic syndrome,0.0,0.0,0.0,1
myoclonus,1.0,1.0,1.0,2
myopia,0.81,0.9,0.8526315789473684,90
myositis,0.9230769230769231,0.8888888888888888,0.9056603773584906,27
narcolepsy,0.9722222222222222,0.9459459459459459,0.958904109589041,37
nasal polyp,0.918918918918919,0.9577464788732394,0.9379310344827586,71
neonatal jaundice,0.875,1.0,0.9333333333333333,7
nerve impingement near the shoulder,0.98,0.875,0.9245283018867925,56
neuralgia,0.6666666666666666,0.6423357664233577,0.654275092936803,137
neurofibromatosis,1.0,0.8333333333333334,0.9090909090909091,6
neuropathy due to drugs,0.6666666666666666,1.0,0.8,8
neurosis,0.98125,0.8722222222222222,0.9235294117647059,180
nonalcoholic liver disease (nash),1.0,0.9166666666666666,0.9565217391304348,12
noninfectious gastroenteritis,0.7612612612612613,0.7012448132780082,0.7300215982721382,241
normal pressure hydrocephalus,0.7142857142857143,1.0,0.8333333333333334,5
nose disorder,0.9758454106280193,0.8278688524590164,0.8957871396895787,244
obesity,0.0,0.0,0.0,1
obsessive compulsive disorder (ocd),0.9879518072289156,0.9010989010989011,0.9425287356321839,91
obstructive sleep apnea (osa),0.9915254237288136,0.9790794979079498,0.9852631578947368,239
omphalitis,1.0,1.0,1.0,1
onychomycosis,0.8070175438596491,0.9108910891089109,0.8558139534883721,101
open wound from surgical incision,1.0,1.0,1.0,1
open wound of the arm,1.0,1.0,1.0,2
open wound of the back,1.0,1.0,1.0,2
open wound of the ear,1.0,0.8571428571428571,0.9230769230769231,7
open wound of the eye,0.6666666666666666,1.0,0.8,6
open wound of the face,1.0,1.0,1.0,1
open wound of the finger,0.0,0.0,0.0,1
open wound of the foot,1.0,0.8,0.8888888888888888,5
open wound of the hand,0.0,0.0,0.0,1
open wound of the lip,0.8333333333333334,1.0,0.9090909090909091,5
open wound of the mouth,0.9473684210526315,0.9473684210526315,0.9473684210526315,19
open wound of the neck,0.7142857142857143,0.8333333333333334,0.7692307692307693,6
open wound of the nose,0.5,0.5,0.5,2
open wound of the shoulder,1.0,1.0,1.0,1
oppositional disorder,0.9647058823529412,0.9534883720930233,0.9590643274853801,86
optic neuritis,1.0,0.5,0.6666666666666666,2
oral leukoplakia,1.0,1.0,1.0,1
oral mucosal lesion,0.8181818181818182,0.9669421487603306,0.8863636363636364,121
oral thrush (yeast infection),0.9428571428571428,0.9705882352941176,0.9565217391304348,136
orbital cellulitis,0.8947368421052632,1.0,0.9444444444444444,34
orthostatic hypotension,0.896551724137931,0.9122807017543859,0.9043478260869565,57
osteoarthritis,0.95,0.9553072625698324,0.9526462395543176,179
osteochondroma,0.926829268292683,0.9047619047619048,0.9156626506024096,42
osteochondrosis,0.84,0.9545454545454546,0.8936170212765957,22
osteomyelitis,0.9743589743589743,1.0,0.987012987012987,38
osteoporosis,1.0,0.9605263157894737,0.9798657718120806,76
otitis externa (swimmer's ear),0.9805194805194806,0.8342541436464088,0.9014925373134328,181
otitis media,0.9074074074074074,0.8076923076923077,0.8546511627906976,182
otosclerosis,0.5,1.0,0.6666666666666666,4
ovarian cancer,0.4,0.5,0.4444444444444444,4
ovarian cyst,0.8018018018018018,0.89,0.8436018957345972,100
ovarian torsion,0.8125,1.0,0.896551724137931,13
overflow incontinence,0.9487179487179487,0.8809523809523809,0.9135802469135802,42
pain after an operation,0.9649122807017544,0.9065934065934066,0.9348441926345609,182
pain disorder affecting the neck,0.948051948051948,0.948051948051948,0.948051948051948,77
pancreatic cancer,1.0,0.9512195121951219,0.975,41
panic attack,0.9047619047619048,1.0,0.95,38
panic disorder,0.9042553191489362,0.9340659340659341,0.918918918918919,182
parasitic disease,1.0,1.0,1.0,15
parathyroid adenoma,1.0,1.0,1.0,4
parkinson disease,0.9519230769230769,0.9611650485436893,0.9565217391304348,103
paronychia,0.9770114942528736,0.9659090909090909,0.9714285714285714,88
paroxysmal supraventricular tachycardia,1.0,0.84,0.9130434782608695,75
paroxysmal ventricular tachycardia,0.7676056338028169,0.8134328358208955,0.7898550724637681,134
pelvic fistula,1.0,1.0,1.0,1
pelvic inflammatory disease,0.910828025477707,0.7944444444444444,0.8486646884272997,180
pelvic organ prolapse,0.8936170212765957,0.9545454545454546,0.9230769230769231,88
pemphigus,1.0,1.0,1.0,1
pericarditis,0.8484848484848485,0.9655172413793104,0.9032258064516129,29
peripheral arterial disease,1.0,1.0,1.0,23
peripheral arterial embolism,0.896551724137931,0.9629629629629629,0.9285714285714286,27
peripheral nerve disorder,0.9491525423728814,0.9218106995884774,0.9352818371607515,243
perirectal infection,0.9615384615384616,0.9259259259259259,0.9433962264150944,27
peritonitis,0.8505747126436781,0.9736842105263158,0.9079754601226994,76
peritonsillar abscess,0.8846153846153846,0.9387755102040817,0.9108910891089109,49
persistent vomiting of unknown cause,0.8095238095238095,0.918918918918919,0.8607594936708861,37
personality disorder,0.555,0.6098901098901099,0.581151832460733,182
peyronie disease,1.0,1.0,1.0,4
pharyngitis,0.8,1.0,0.8888888888888888,4
phimosis,0.8888888888888888,0.6666666666666666,0.7619047619047619,12
pilonidal cyst,1.0,0.9852941176470589,0.9925925925925926,68
pinguecula,0.0,0.0,0.0,1
pinworm infection,0.85,1.0,0.918918918918919,17
pituitary adenoma,1.0,1.0,1.0,6
pituitary disorder,1.0,1.0,1.0,6
pityriasis rosea,0.7647058823529411,0.9285714285714286,0.8387096774193549,14
placenta previa,1.0,1.0,1.0,2
placental abruption,1.0,1.0,1.0,3
plantar fasciitis,0.8888888888888888,1.0,0.9411764705882353,40
pleural effusion,0.8527131782945736,0.9090909090909091,0.88,121
pneumoconiosis,0.5,0.3333333333333333,0.4,3
pneumonia,0.9344262295081968,0.7066115702479339,0.8047058823529412,242
pneumothorax,0.9629629629629629,0.8813559322033898,0.9203539823008849,59
poisoning due to analgesics,1.0,1.0,1.0,13
poisoning due to anticonvulsants,0.8,1.0,0.8888888888888888,8
poisoning due to antidepressants,0.7142857142857143,0.8333333333333334,0.7692307692307693,6
poisoning due to antihypertensives,1.0,1.0,1.0,3
poisoning due to antimicrobial drugs,0.9047619047619048,1.0,0.95,19
poisoning due to antipsychotics,1.0,1.0,1.0,2
poisoning due to ethylene glycol,0.5,0.6,0.5454545454545454,5
poisoning due to gas,0.7872340425531915,0.9487179487179487,0.8604651162790697,39
poisoning due to opioids,1.0,0.5,0.6666666666666666,2
poisoning due to sedatives,0.5106382978723404,0.96,0.6666666666666666,25
polycystic kidney disease,0.918918918918919,0.918918918918919,0.918918918918919,37
polycystic ovarian syndrome (pcos),0.9622641509433962,0.9444444444444444,0.9532710280373832,54
polycythemia vera,0.9090909090909091,1.0,0.9523809523809523,10
polymyalgia rheumatica,0.8709677419354839,1.0,0.9310344827586207,27
post-traumatic stress disorder (ptsd),0.4583333333333333,0.6363636363636364,0.532871972318339,121
postoperative infection,0.875,0.9545454545454546,0.9130434782608695,22
postpartum depression,0.8468468468468469,0.9494949494949495,0.8952380952380953,99
preeclampsia,0.9761904761904762,0.9534883720930233,0.9647058823529412,43
pregnancy,1.0,0.3333333333333333,0.5,3
premature atrial contractions (pacs),0.8,0.9090909090909091,0.851063829787234,44
premature ovarian failure,1.0,0.8,0.8888888888888888,10
premature rupture of amniotic membrane,1.0,1.0,1.0,2
premature ventricular contractions (pvcs),0.9830508474576272,0.8923076923076924,0.9354838709677419,65
premenstrual tension syndrome,1.0,1.0,1.0,27
presbyacusis,1.0,0.6363636363636364,0.7777777777777778,11
presbyopia,0.639344262295082,0.9285714285714286,0.7572815533980582,42
priapism,1.0,1.0,1.0,1
primary immunodeficiency,1.0,1.0,1.0,7
primary insomnia,0.9024390243902439,0.9736842105263158,0.9367088607594937,38
primary kidney disease,1.0,1.0,1.0,7
problem during pregnancy,0.9388888888888889,0.9234972677595629,0.931129476584022,183
prostate cancer,0.92,0.8518518518518519,0.8846153846153846,27
prostatitis,0.9117647058823529,0.9117647058823529,0.9117647058823529,136
protein deficiency,0.8666666666666667,1.0,0.9285714285714286,13
pseudohypoparathyroidism,1.0,1.0,1.0,2
pseudotumor cerebri,0.8333333333333334,1.0,0.9090909090909091,10
psoriasis,0.8295454545454546,0.8021978021978022,0.8156424581005587,182
psychosexual disorder,0.8947368421052632,1.0,0.9444444444444444,34
psychotic disorder,0.7345132743362832,0.46111111111111114,0.5665529010238908,180
pterygium,0.7058823529411765,0.8372093023255814,0.7659574468085106,43
pulmonary congestion,0.8846153846153846,0.9292929292929293,0.9064039408866995,99
pulmonary embolism,0.9881656804733728,0.9488636363636364,0.9681159420289855,176
pulmonary eosinophilia,0.9459459459459459,0.9459459459459459,0.9459459459459459,37
pulmonary fibrosis,0.5526315789473685,0.875,0.6774193548387096,24
pulmonary hypertension,0.9347826086956522,0.9662921348314607,0.9502762430939227,89
pulmonic valve disease,1.0,1.0,1.0,2
pyelonephritis,0.7267080745341615,0.6464088397790055,0.6842105263157895,181
pyloric stenosis,1.0,0.6666666666666666,0.8,3
pyogenic skin infection,0.9819277108433735,0.8956043956043956,0.9367816091954023,182
raynaud disease,0.6666666666666666,1.0,0.8,2
reactive arthritis,1.0,1.0,1.0,2
rectal disorder,0.8983050847457628,0.8833333333333333,0.8907563025210085,180
restless leg syndrome,0.8636363636363636,1.0,0.926829268292683,57
retinal detachment,0.5108695652173914,0.8392857142857143,0.6351351351351351,56
retinopathy due to high blood pressure,0.9230769230769231,0.8571428571428571,0.8888888888888888,28
rhabdomyolysis,0.6,1.0,0.75,3
rheumatoid arthritis,0.9230769230769231,0.9705882352941176,0.946236559139785,136
rosacea,0.8194444444444444,0.8676470588235294,0.8428571428571429,136
rotator cuff injury,0.7857142857142857,1.0,0.88,22
salivary gland disorder,0.5454545454545454,1.0,0.7058823529411765,12
sarcoidosis,0.9701492537313433,0.9848484848484849,0.9774436090225563,66
scabies,1.0,0.972972972972973,0.9863013698630136,37
scar,0.5733333333333334,0.8431372549019608,0.6825396825396826,51
scarlet fever,1.0,0.9444444444444444,0.9714285714285714,18
schizophrenia,0.6879432624113475,0.5449438202247191,0.6081504702194357,178
sciatica,0.9084507042253521,0.9626865671641791,0.9347826086956522,134
scleritis,0.8,0.8888888888888888,0.8421052631578947,9
scleroderma,0.8923076923076924,0.8529411764705882,0.8721804511278195,68
scoliosis,1.0,0.9705882352941176,0.9850746268656716,34
scurvy,1.0,1.0,1.0,1
seasonal allergies (hay fever),0.9828571428571429,0.945054945054945,0.9635854341736695,182
sebaceous cyst,0.9431818181818182,0.907103825136612,0.924791086350975,183
seborrheic dermatitis,0.952054794520548,0.7897727272727273,0.8633540372670807,176
seborrheic keratosis,0.6,0.46551724137931033,0.5242718446601942,174
sensorineural hearing loss,0.9586776859504132,0.8529411764705882,0.9027237354085603,136
sepsis,0.9661016949152542,0.9395604395604396,0.9526462395543176,182
septic arthritis,0.5625,0.75,0.6428571428571429,12
shingles (herpes zoster),1.0,0.9736842105263158,0.9866666666666667,76
sialoadenitis,0.9595959595959596,0.9313725490196079,0.945273631840796,102
sick sinus syndrome,0.5757575757575758,0.59375,0.5846153846153846,32
sickle cell anemia,1.0,0.9555555555555556,0.9772727272727273,45
sickle cell crisis,0.9878048780487805,0.8852459016393442,0.9337175792507204,183
sinus bradycardia,0.89171974522293,0.7692307692307693,0.8259587020648967,182
sjogren syndrome,0.75,1.0,0.8571428571428571,18
skin cancer,0.7282608695652174,0.5075757575757576,0.5982142857142857,132
skin disorder,0.4264705882352941,0.6444444444444445,0.5132743362831859,135
skin pigmentation disorder,0.4696132596685083,0.46703296703296704,0.46831955922865015,182
skin polyp,0.4634146341463415,0.4245810055865922,0.44314868804664725,179
smoking or tobacco addiction,0.9943181818181818,0.9887005649717514,0.9915014164305949,177
social phobia,0.6981132075471698,0.7254901960784313,0.7115384615384616,102
soft tissue sarcoma,0.6739130434782609,0.9117647058823529,0.775,34
somatization disorder,0.9411764705882353,1.0,0.9696969696969697,16
spermatocele,1.0,1.0,1.0,16
spherocytosis,0.0,0.0,0.0,1
spina bifida,1.0,1.0,1.0,16
spinal stenosis,0.9146341463414634,0.6224066390041494,0.7407407407407407,241
spinocerebellar ataxia,0.0,0.0,0.0,2
spondylitis,0.8787878787878788,0.9666666666666667,0.9206349206349206,90
spondylolisthesis,0.7777777777777778,0.8296296296296296,0.8028673835125448,135
spondylosis,0.8282828282828283,0.6748971193415638,0.7437641723356009,243
spontaneous abortion,0.9,0.743801652892562,0.8144796380090498,242
sporotrichosis,0.0,0.0,0.0,1
sprain or strain,0.9636363636363636,0.8760330578512396,0.9177489177489178,242
stenosis of the tear duct,0.9523809523809523,1.0,0.975609756097561,20
stomach cancer,0.6829268292682927,0.9032258064516129,0.7777777777777778,31
strep throat,0.9742489270386266,0.9380165289256198,0.9557894736842105,242
stress incontinence,1.0,0.8823529411764706,0.9375,51
stricture of the esophagus,1.0,1.0,1.0,17
stroke,0.9230769230769231,0.84375,0.8816326530612245,128
stye,0.9775280898876404,0.9560439560439561,0.9666666666666667,182
subacute thyroiditis,1.0,1.0,1.0,6
subarachnoid hemorrhage,1.0,0.9285714285714286,0.9629629629629629,28
subconjunctival hemorrhage,0.8392857142857143,0.94,0.8867924528301887,50
subdural hemorrhage,1.0,0.7857142857142857,0.88,28
substance-related mental disorder,0.5925925925925926,0.7441860465116279,0.6597938144329897,43
syndrome of inappropriate secretion of adh (siadh),0.0,0.0,0.0,1
syphilis,1.0,1.0,1.0,6
syringomyelia,0.75,1.0,0.8571428571428571,3
systemic lupus erythematosis (sle),1.0,1.0,1.0,32
teething syndrome,0.9157894736842105,0.9886363636363636,0.9508196721311475,88
temporary or benign blood in urine,0.7630057803468208,0.7374301675977654,0.75,179
temporomandibular joint disorder,0.8857142857142857,0.9117647058823529,0.8985507246376812,68
tendinitis,0.8758620689655172,0.9338235294117647,0.9039145907473309,136
tension headache,0.9491525423728814,1.0,0.9739130434782609,56
testicular cancer,1.0,1.0,1.0,2
testicular disorder,1.0,1.0,1.0,12
testicular torsion,1.0,0.9444444444444444,0.9714285714285714,18
thoracic aortic aneurysm,0.9354838709677419,0.8529411764705882,0.8923076923076924,34
thoracic outlet syndrome,0.8780487804878049,1.0,0.935064935064935,36
threatened pregnancy,0.7205240174672489,0.9116022099447514,0.8048780487804879,181
thrombocytopenia,1.0,0.96,0.9795918367346939,25
thrombophlebitis,0.956989247311828,0.9888888888888889,0.9726775956284153,90
thyroid cancer,0.0,0.0,0.0,2
thyroid disease,0.75,1.0,0.8571428571428571,3
thyroid nodule,0.9555555555555556,1.0,0.9772727272727273,43
tic (movement) disorder,0.8095238095238095,1.0,0.8947368421052632,17
tietze syndrome,0.8552631578947368,0.9701492537313433,0.9090909090909091,67
tinnitus of unknown cause,0.6883116883116883,0.9464285714285714,0.7969924812030075,56
tonsillar hypertrophy,0.9054054054054054,0.9852941176470589,0.9436619718309859,68
tonsillitis,0.9662921348314607,0.9662921348314607,0.9662921348314607,89
tooth abscess,0.8355263157894737,0.9477611940298507,0.8881118881118881,134
tooth disorder,0.7300613496932515,0.8880597014925373,0.8013468013468014,134
torticollis,0.9818181818181818,0.9642857142857143,0.972972972972973,56
tourette syndrome,1.0,1.0,1.0,6
toxic multinodular goiter,0.9411764705882353,1.0,0.9696969696969697,16
toxoplasmosis,1.0,1.0,1.0,2
tracheitis,0.7659574468085106,0.9473684210526315,0.8470588235294118,38
transient ischemic attack,0.9,0.9618320610687023,0.9298892988929889,131
trichiasis,1.0,1.0,1.0,6
trichinosis,1.0,1.0,1.0,2
trichomonas infection,0.8695652173913043,0.8823529411764706,0.8759124087591241,68
tricuspid valve disease,1.0,1.0,1.0,2
trigeminal neuralgia,0.975,0.975,0.975,40
trigger finger (finger disorder),0.8333333333333334,0.8823529411764706,0.8571428571428571,17
tuberculosis,1.0,0.8,0.8888888888888888,5
tuberous sclerosis,0.0,0.0,0.0,1
ulcerative colitis,0.9538461538461539,0.8266666666666667,0.8857142857142857,75
urethral disorder,0.890625,0.9047619047619048,0.8976377952755905,63
urethral stricture,1.0,0.9285714285714286,0.9629629629629629,56
urethral valves,0.8333333333333334,0.7142857142857143,0.7692307692307693,7
urethritis,0.9010989010989011,0.9010989010989011,0.9010989010989011,91
urge incontinence,0.9117647058823529,0.9393939393939394,0.9253731343283582,99
urinary tract infection,0.7868020304568528,0.8516483516483516,0.8179419525065963,182
urinary tract obstruction,0.937007874015748,0.8686131386861314,0.9015151515151515,137
uterine atony,0.9545454545454546,0.9545454545454546,0.9545454545454546,44
uterine cancer,1.0,1.0,1.0,1
uterine fibroids,0.8505747126436781,0.8222222222222222,0.8361581920903954,90
uveitis,1.0,1.0,1.0,4
vacterl syndrome,1.0,1.0,1.0,2
vaginal cyst,0.805668016194332,0.8189300411522634,0.8122448979591836,243
vaginal yeast infection,0.8823529411764706,0.860655737704918,0.8713692946058091,122
vaginismus,0.56,0.9333333333333333,0.7,15
vaginitis,0.9681528662420382,0.8351648351648352,0.8967551622418879,182
valley fever,1.0,1.0,1.0,2
varicocele of the testicles,1.0,0.9852941176470589,0.9925925925925926,136
varicose veins,1.0,0.8260869565217391,0.9047619047619048,23
vasculitis,0.9666666666666667,0.9666666666666667,0.9666666666666667,60
venous insufficiency,0.9571428571428572,1.0,0.9781021897810219,67
vertebrobasilar insufficiency,0.7142857142857143,1.0,0.8333333333333334,5
vesicoureteral reflux,0.5,0.5,0.5,2
viral exanthem,0.8473282442748091,0.925,0.8844621513944223,120
viral hepatitis,1.0,0.7142857142857143,0.8333333333333334,7
viral warts,0.7222222222222222,0.8571428571428571,0.7839195979899497,91
vitamin a deficiency,1.0,1.0,1.0,1
vitamin b12 deficiency,1.0,0.9375,0.967741935483871,16
vitamin d deficiency,1.0,0.6666666666666666,0.8,3
vitreous degeneration,0.4752475247524752,0.7058823529411765,0.5680473372781065,68
vitreous hemorrhage,0.0,0.0,0.0,5
vocal cord polyp,0.9444444444444444,0.9444444444444444,0.9444444444444444,18
volvulus,1.0,1.0,1.0,2
von willebrand disease,1.0,1.0,1.0,1
vulvar cancer,1.0,1.0,1.0,1
vulvar disorder,0.8648648648648649,1.0,0.927536231884058,32
vulvodynia,0.9469026548672567,0.8770491803278688,0.9106382978723404,244
wernicke korsakoff syndrome,0.5,1.0,0.6666666666666666,1
white blood cell disease,0.8648648648648649,0.9504950495049505,0.9056603773584906,101
whooping cough,0.6666666666666666,0.8888888888888888,0.7619047619047619,9
wilson disease,1.0,1.0,1.0,3
yeast infection,0.9578947368421052,0.9680851063829787,0.9629629629629629,94
zenker diverticulum,0.5,1.0,0.6666666666666666,2
